Job,Company,Location,Status,Date
junior financial analyst,Telekom Romania Mobile,Bucharest,Actively Hiring,2023-11-01
finance business partner,Vodafone,Bucharest,Actively Hiring,2023-11-01
finance manager,The Goodyear Tire & Rubber Company,Bucharest,Actively Hiring,2023-11-08
finance business partner,eMAG,Bucharest Metropolitan Area,Actively Hiring,2023-11-15
senior finance business partner,EDUROM,Bucharest,Actively Hiring,2023-10-25
financial controller global services,Bosch Romania,Timişoara,Actively Hiring,2023-11-17
finance business partner,Decathlon România,Bucharest,Not specified,2023-06-25
senior corporate financial analyst,Alpha Bank Romania,Bucharest,Actively Hiring,2023-11-01
finance business partner,Hays,Bucharest,Actively Hiring,2023-11-01
trade finance professional,Euro Exim Bank,Bucharest,Be an early applicant,2023-11-16
professional central country finance,OMV Petrom,Bucharest,Be an early applicant,2023-11-21
head corporate development,N-iX,Bucharest,Actively Hiring,2023-06-25
junior financial controller,TotalSoft,Bucharest,Not specified,2023-09-23
financial specialist,Tremend Software Consulting,Bucharest Metropolitan Area,Be an early applicant,2023-09-23
financial planning analyst,The Goodyear Tire & Rubber Company,Bucharest,Actively Hiring,2023-11-15
senior analyst fpa,The Goodyear Tire & Rubber Company,Bucharest,Actively Hiring,2023-11-08
business controller,E-INFRA,Bucharest,Not specified,2023-08-24
senior business controller,DB Schenker,Bucharest,Actively Hiring,2023-11-18
relationship manager corporate banking,CREDIT EUROPE BANK (ROMANIA) S.A.,Bucharest Metropolitan Area,Not specified,2023-11-01
financial controller,Generali,Bucharest Metropolitan Area,Actively Hiring,2023-11-15
finance manager,Memorial Healthcare Group,Bucharest,Be an early applicant,2023-10-28
fpa analyst,"First Brands Group, LLC",Bucharest Metropolitan Area,Actively Hiring,2023-10-25
accountant,FLOWX.AI,Bucharest,Not specified,2023-11-01
manager accounting,Braze,Bucharest,Be an early applicant,2023-11-20
senior financial controller,Worldline,Bucharest,Actively Hiring,2023-11-01
group financial reporting consolidation senior analyst,eMAG,Bucharest Metropolitan Area,Actively Hiring,2023-11-15
junior accountant,Rödl & Partner Romania,Bucharest,Actively Hiring,2023-11-15
general accountant,SLB,Bucharest,Actively Hiring,2023-10-23
accountant,SoftOne Technologies S.A.,Bucharest,Not specified,2023-07-25
financial controller,Worldline,Bucharest,Actively Hiring,2023-11-15
team leader general ledger,Bosch Romania,Timişoara,Be an early applicant,2023-11-17
pricing analyst product marketing,Bitdefender,Bucharest Metropolitan Area,Not specified,2023-11-08
financial controller,Worldline,Bucharest,Actively Hiring,2023-11-08
finance strategy manager,Revolut,Romania,Actively Hiring,2023-11-21
junior accounting financial consultant nexia abs financial solutions,TotalSoft,Bucharest,Not specified,2023-07-25
commercial finance business partner,Telekom Romania Mobile,Bucharest,Actively Hiring,2023-11-08
gl accountant,GSD Solutions,Romania,Actively Hiring,2023-11-08
senior financial analyst fpa,Sameday Romania,Bucharest,Not specified,2023-11-15
trader assistant,EveryMatrix,Bucharest,Be an early applicant,2023-11-08
experienced financial controller,TotalSoft,Bucharest,Not specified,2023-09-23
financial planning analysis manager finance,Signant Health,Romania,Actively Hiring,2023-11-08
finance specialist,HONOR,Bucharest,Actively Hiring,2023-11-15
finance business partner,Sameday Romania,Bucharest,Be an early applicant,2023-11-18
senior financial controller,Worldline,Bucharest,Actively Hiring,2023-11-08
contract officer saudi arabia,Eram Talent,Bucharest,Not specified,2023-09-23
financial analyst,UNIQA Asigurari SA,Bucharest,Not specified,2023-11-18
chief executive officer,Lugera The People Republic Romania,Bucharest,Actively Hiring,2023-11-21
chief operations officer,Remotivate,Romania,Not specified,2023-11-15
finance operational controller,MAS PLC,Bucharest,Be an early applicant,2023-11-18
reporting analyst financial advisory,Mazars in Romania,Bucharest,Actively Hiring,2023-11-08
junior project development manager,MYTILINEOS S.A.,Bucharest,Actively Hiring,2023-11-15
investment analyst,Prime Kapital Development,Bucharest,Actively Hiring,2023-11-19
project finance associate renewable energy,LSP Renewables,Bucharest,Be an early applicant,2023-11-08
assistant ceo year,White Sand SRL,Bucharest,Actively Hiring,2023-11-08
finance manager onsite,Antal International,Bucharest,Actively Hiring,2023-10-25
treasury analyst,METRO Romania,Bucharest,Be an early applicant,2023-11-18
business support controller english,Michelin,Bucharest,Actively Hiring,2023-11-15
financial controller,Worldline,Bucharest,Actively Hiring,2023-11-18
cost controller oil gas company,TotalSoft,Bucharest,Be an early applicant,2023-10-25
cost controller,E-INFRA,Bucharest,Not specified,2023-11-01
financial analyst,Nidec Oradea,Oradea,Actively Hiring,2023-11-08
junior bi consultant,Delbridge Solutions,Bucharest,Not specified,2023-07-25
cost controller,E-INFRA,Cluj-Napoca,Not specified,2023-10-23
business operational controller,Worldline,Bucharest,Actively Hiring,2023-11-08
financial analyst reporting controlling,Smithfield Romania,Timişoara,Actively Hiring,2023-11-08
financial analyst,Vodafone,Bucharest,Actively Hiring,2023-10-25
financial business controller,Adecco,Petrăchioaia,Actively Hiring,2023-11-15
finance operations manager,Siena AI,Bucharest,Be an early applicant,2023-11-01
associate financial analyst,RWS Group,Cluj-Napoca,Be an early applicant,2023-11-01
junior accountant,La Lorraine Bakery Group NV,Câmpia Turzii,Actively Hiring,2023-11-08
future finance capital markets accounting advisory services,PwC Romania,Bucharest,Actively Hiring,2023-11-01
senior consultant mergers acquisitions,PwC Romania,Bucharest,Actively Hiring,2023-10-23
junior cashback analyst,Samsung Electronics Romania,Bucharest,Not specified,2023-11-19
finance manager,Antal International,Bucharest,Actively Hiring,2023-11-16
financial controller,Nuvei,Iaşi,Be an early applicant,2023-10-28
senior controlling analyst,BCR,Bucharest Metropolitan Area,Actively Hiring,2023-11-15
global professor multiple positions,University of Arizona,Sector 2,Be an early applicant,2023-11-01
strategy analyst,Temenos,Bucharest,Actively Hiring,2023-11-15
credit analyst agro,Patria Bank,Bucharest,Not specified,2023-11-01
senior financial controller cluj,"Regina Maria, Reteaua de sanatate",Cluj,Be an early applicant,2023-11-21
financial assistant,Hays,Bucharest,Actively Hiring,2023-11-15
sales director,Adecco,Bucharest,Actively Hiring,2023-11-15
country sales manager,Innovance Consultancy,Bucharest,Actively Hiring,2023-11-20
business consultant financial solutions postimplementation,TotalSoft,Bucharest,Not specified,2023-07-25
finance operations manager,Siena AI,Cluj-Napoca,Be an early applicant,2023-11-01
finance business partner,Vodafone,Bucharest,Actively Hiring,2023-11-08
strategy forecasting manager,Garrett - Advancing Motion,Bucharest Metropolitan Area,Actively Hiring,2023-11-15
financial controller,Antal International,Bucharest,Be an early applicant,2023-11-08
marketing manager,EDUROM,Bucharest,Actively Hiring,2023-10-25
reporting analyst hybrid bucharest,Genpact,Bucharest,Actively Hiring,2023-11-17
fpa specialist,The Goodyear Tire & Rubber Company,Bucharest,Actively Hiring,2023-11-20
house accounting consultant,Mazars in Romania,Bucharest,Actively Hiring,2023-11-01
senior corporate financial analyst,Hipo.ro Jobs,Bucharest,Be an early applicant,2023-11-01
f financial insurance associate,Spotawheel,Bucharest,Not specified,2023-06-25
continuous improvement lead,Societe Generale Global Solution Centre Romania,Bucharest Metropolitan Area,Actively Hiring,2023-11-19
financial accounting manager,GABTEO HR,Bucharest,Actively Hiring,2023-10-23
logistics analyst global network management center,Expeditors,Bucharest,Actively Hiring,2023-11-01
chief accountant,"First Brands Group, LLC",Cristian,Actively Hiring,2023-10-25
financial accountant,Accenture,Bucharest,Actively Hiring,2023-10-28
credit analyst,AllCloud,Bucharest,Actively Hiring,2023-11-01
financial assistant,Sterling Cruise,Voluntari,Be an early applicant,2023-11-15
jr financial controller,interpool HR,Bucharest,Actively Hiring,2023-11-01
financial controller financial reporting,Revolut,Romania,Actively Hiring,2023-11-08
accountant,Mantu,Bucharest,Actively Hiring,2023-11-15
chief executive officer,SomProduct,Cluj-Napoca Metropolitan Area,Actively Hiring,2023-10-23
junior accountant,Accace,Bucharest,Be an early applicant,2023-08-24
demand planning manager,PepsiCo,Bucharest,Be an early applicant,2023-11-21
office manager,Tradeshift,Bucharest,Not specified,2023-11-15
fpa business process expert,The Goodyear Tire & Rubber Company,Bucharest,Actively Hiring,2023-11-08
finance business partner,Vodafone,Bucharest,Be an early applicant,2023-11-01
finance accounting manager,Procter & Gamble,Bucharest,Actively Hiring,2023-08-24
junior accountant,Ness Digital Engineering Romania,Timişoara,Actively Hiring,2023-11-18
xaas project manager customer services transformation,Deutsche Bank,Bucharest,Actively Hiring,2023-10-23
financial reporting analyst consolidations,Garrett - Advancing Motion,Bucharest,Actively Hiring,2023-11-18
financial controller,Siemens Energy,Bucharest,Actively Hiring,2023-11-20
finance manager,Purem by Eberspächer,Oradea,Be an early applicant,2023-11-20
junior finance controller food beverage industry onsite,Antal International,Bucharest,Be an early applicant,2023-08-24
general accountant,SLB,Bucharest,Be an early applicant,2023-11-21
accountant ronmonth,Voxility,Bucharest Metropolitan Area,Actively Hiring,2023-11-01
financial analyst,Siemens Energy,Bucharest,Actively Hiring,2023-11-20
product manager,Arctic,Bucharest,Actively Hiring,2023-11-15
junior finance controller food beverage industry,Antal International,Bucharest,Be an early applicant,2023-07-25
senior accountant,BNP Paribas Personal Finance,Bucharest,Actively Hiring,2023-11-08
corporate credit analyst,First Bank SA,Bucharest,Actively Hiring,2023-11-15
financial controller,Hipo.ro Jobs,Bucharest,Be an early applicant,2023-09-23
controller,HELLA,Timiş,Actively Hiring,2023-11-08
junior accountant,Adecco,Bucharest,Actively Hiring,2023-10-25
legal counsel romania,MYTILINEOS S.A.,Bucharest,Actively Hiring,2023-09-23
business consultant human capital management,TotalSoft,Bucharest,Not specified,2023-07-25
ia internal audit manager,MAS PLC,Bucharest Metropolitan Area,Be an early applicant,2023-11-15
financial controller,Quipu GmbH,Bucharest Metropolitan Area,Actively Hiring,2023-11-08
jr controlling reporting officer,Hipo.ro Jobs,Otopeni,Be an early applicant,2023-11-01
junior accountant cities ro,Cegeka,Romania,Actively Hiring,2023-11-21
financial planning analyst,RSight®,Cluj-Napoca Metropolitan Area,Actively Hiring,2023-11-15
key account manager,Unilever,Bucharest,Actively Hiring,2023-11-19
risk analyst credit control validation department,Alpha Bank Romania,Bucharest,Actively Hiring,2023-11-15
financial analyst onsite bucharest,Antal International,Bucharest,Actively Hiring,2023-10-23
director accounting,Mood Media,Bucharest,Be an early applicant,2023-11-19
billing specialist,Hootsuite,Bucharest,Not specified,2023-11-08
interim managing director mfd romania,Morgan Philips Group,Piteşti,Be an early applicant,2023-10-23
senior plant finance manager,Procter & Gamble,Prahova,Actively Hiring,2023-11-15
sr expert fsc australasia europe,OMV Petrom,Bucharest,Be an early applicant,2023-11-21
hr analyst reporting analytics,The Goodyear Tire & Rubber Company,Bucharest,Be an early applicant,2023-11-20
financial analyst,Canonical,Bucharest,Not specified,2023-11-08
finance manager,The Goodyear Tire & Rubber Company,Bucharest,Actively Hiring,2023-11-08
finance business partner,Vodafone,Bucharest,Be an early applicant,2023-10-23
development director romania,KALE Recruitment,Bucharest,Not specified,2023-10-25
senior cluster financial controller,DB Schenker,Bucharest,Actively Hiring,2023-11-18
accounts payable accounts receivable specialist,Yellow Tree Group | Real Estate,Bucharest Metropolitan Area,Actively Hiring,2023-11-18
corporate finance manager,Hipo.ro Jobs,Bucharest,Be an early applicant,2023-10-23
relationship manager corporate banking,UniCredit Bank Romania,Bacău,Be an early applicant,2023-11-19
project portfolio manager,Hipo.ro Jobs,Bucharest,Be an early applicant,2023-11-01
senior auditor,MetLife,Bucharest,Actively Hiring,2023-11-01
senior financial controller,Softelligence,Bucharest,Actively Hiring,2023-11-15
senior financial specialist,Coral Travel Romania,Bucharest,Actively Hiring,2023-11-08
senior accountant,PwC Romania,Bucharest,Actively Hiring,2023-10-23
finance manager,The Goodyear Tire & Rubber Company,Bucharest,Actively Hiring,2023-11-01
junior cost controller,ALBALACT,Bucharest,Be an early applicant,2023-10-23
chief administrative officer ceo,Emma – The Sleep Company,Bucharest,Not specified,2023-09-23
senior business consultant financial solutions implementation,TotalSoft,Bucharest,Not specified,2023-07-25
financial controller,Atos,Timişoara,Actively Hiring,2023-11-18
finance manager onsite,Antal International,Bucharest,Actively Hiring,2023-10-25
finance analyst,Mambu,Romania,Not specified,2023-11-08
erp consultant,SoftOne Technologies S.A.,Bucharest,Not specified,2023-08-24
financial controller france belgium luxembourg,RWS Group,Cluj-Napoca,Be an early applicant,2023-11-15
general ledger english,WNS Global Services,Bucharest,Be an early applicant,2023-11-15
cost controller oil gas company,TotalSoft,Bucharest Metropolitan Area,Not specified,2023-11-15
rd controller,Bosch Romania,Timişoara,Actively Hiring,2023-11-08
bi consultant,Delbridge Solutions,Bucharest,Not specified,2023-07-25
expert group accounting,OMV Petrom,Bucharest,Actively Hiring,2023-10-23
senior hr reporting controller,BNP Paribas,Bucharest,Actively Hiring,2023-11-15
controller reporting mts france,Worldline,Bucharest,Be an early applicant,2023-11-08
payroll officer,TotalSoft,Bucharest,Not specified,2023-07-25
retail banking officer bucuresti,First Bank SA,Bucharest,Be an early applicant,2023-11-17
corporate finance executive,Hipo.ro Jobs,Bucharest,Be an early applicant,2023-10-23
accountant,INTERBRANDS ORBICO,Bucharest,Be an early applicant,2023-11-01
finance development program fresh graduates,Dell Technologies,Bucharest,Be an early applicant,2023-11-18
smecorporate credit analyst,Patria Bank,Bucharest Metropolitan Area,Not specified,2023-11-19
finance accounting specialist,MonkeyRecruit,Bucharest,Be an early applicant,2023-11-15
junior accountant,GABTEO HR,Bucharest,Be an early applicant,2023-11-08
procurement english,WNS Global Services,Bucharest,Be an early applicant,2023-11-08
treasury reporting analyst,888Sparkware,Bucharest,Actively Hiring,2023-11-18
finance controller,Hipo.ro Jobs,Bucharest,Be an early applicant,2023-11-01
chief accountant,RIAN & PARTNERS,Mioveni,Be an early applicant,2023-10-23
reporting specialist,_VOIS,Bucharest,Actively Hiring,2023-11-01
treasury cash management supervising manager,MEGA IMAGE - Ahold Delhaize Group,Bucharest,Actively Hiring,2023-11-15
controlling reporting analyst,Allianz Services,Bucharest Metropolitan Area,Actively Hiring,2023-11-20
commercial finance manager,Hipo.ro Jobs,Bucharest,Be an early applicant,2023-10-23
financial accountant,Plexus Corp.,Oradea,Actively Hiring,2023-11-19
commercial finance analyst,SLB,Bucharest,Actively Hiring,2023-11-19
accounting project coordinator,UniCredit Bank Romania,Bucharest,Actively Hiring,2023-10-25
junior auditor,Mazars in Romania,Bucharest,Actively Hiring,2023-11-15
emea gl accountant,Stefanini EMEA,Bucharest,Actively Hiring,2023-11-15
associate banking finance mfx,Schoenherr Attorneys at Law,Bucharest,Be an early applicant,2023-09-23
responsable contrle de gestion importateurs europe,Renault Group,Bucharest,Actively Hiring,2023-11-08
credit risk analyst,ManpowerGroup,Bucharest Metropolitan Area,Actively Hiring,2023-11-01
financial solutions enterprise account manager,TotalSoft,Bucharest,Not specified,2023-07-25
recruitment manager relocation qatar oil gas,NES Fircroft,Bucharest,Actively Hiring,2023-11-19
junior financial analyst solution business,Siemens Energy,Bucharest,Actively Hiring,2023-11-15
controlling analyst french,Michelin,Bucharest Metropolitan Area,Be an early applicant,2023-11-17
risk analyst market liquidity,Hipo.ro Jobs,Bucharest,Be an early applicant,2023-11-01
financial accountant manager,Chop Chop by Urban Logistic,Bucharest,Actively Hiring,2023-11-17
senior accountant,Mazars in Romania,Bucharest,Actively Hiring,2023-11-15
accounts payable,Sensience,Cluj-Napoca,Actively Hiring,2023-11-15
chief accountant,Antal International,Bucharest,Be an early applicant,2023-11-08
project controller,Cegeka,Bucharest,Actively Hiring,2023-11-08
risk assurance services junior internal auditor,PwC Romania,Bucharest,Actively Hiring,2023-11-15
senior sales account manager,EXANTE,Bucharest,Not specified,2023-10-23
junior banker national hire,BRD - Groupe Societe Generale,Bucharest,Be an early applicant,2023-11-20
financial controller,OnAir Entertainment,Bucharest,Actively Hiring,2023-11-08
junior accountant,Hipo.ro Jobs,Bucharest,Be an early applicant,2023-09-23
accounts payable specialist,ComplyAdvantage,Cluj,Not specified,2023-11-19
risk manager,Garanti BBVA Leasing Romania,Bucharest,Actively Hiring,2023-11-01
business administrator,Colt Technology Services,Sibiu,Be an early applicant,2023-11-15
project manager,Open Systems International,Cluj-Napoca,Actively Hiring,2023-11-20
supply chain manager,ManpowerGroup,Sibiu,Actively Hiring,2023-11-18
business analyst,ALTEN Romania,Bucharest,Actively Hiring,2023-09-23
senior accountant,Adecco,Curtea de Argeş,Be an early applicant,2023-11-15
business consultant erp implementation,TotalSoft,Bucharest,Not specified,2023-07-25
mergers acquisitions manager eastern europe mediterranean,KONE,Bucharest,Actively Hiring,2023-11-20
account manager,McCann Worldgroup Romania,Bucharest,Actively Hiring,2023-11-19
finance development program fresh graduates,Dell Technologies,Bucharest,Actively Hiring,2023-11-21
procurement officer,Sameday Romania,Bucharest,Not specified,2023-11-15
accounts payable clerk,Nidec Oradea,Oradea,Be an early applicant,2023-11-08
credit analyst,Core Recruit,Bucharest,Be an early applicant,2023-11-15
junior auditor financial services industry clujnapoca office,Deloitte,Cluj-Napoca,Actively Hiring,2023-11-15
senior audit associate financial services,PwC Romania,Bucharest,Actively Hiring,2023-11-08
sr credit risk officer,First Bank SA,Bucharest,Actively Hiring,2023-11-17
financial services sustainability consultant esg,PwC Romania,Bucharest,Actively Hiring,2023-11-15
sr customer data analyst,Alpha Bank Romania,Bucharest,Actively Hiring,2023-11-15
administrative assistant g roster,"UNHCR, the UN Refugee Agency",Bucharest,Not specified,2023-10-23
head administration,Stada România,Turda,Actively Hiring,2023-11-18
general ledger accountant,Huawei,Bucharest,Actively Hiring,2023-11-01
finance controller germany,Siemens Energy,Bucharest Metropolitan Area,Actively Hiring,2023-11-15
finance administrator,HICX,Constanţa,Not specified,2023-10-23
financial planning analysis junior temporary,JTI (Japan Tobacco International),Bucharest,Actively Hiring,2023-11-08
accounting analyst french,Societe Generale Global Solution Centre Romania,Bucharest,Actively Hiring,2023-10-23
group credit manager,Scandia Food,Bucharest,Not specified,2023-11-18
junior accounting consultant,Hipo.ro Jobs,Bucharest,Be an early applicant,2023-10-23
treasury manager eu bank,Revolut,Romania,Be an early applicant,2023-11-19
settlement reconciliation officer,Twispay,Bucharest Metropolitan Area,Not specified,2023-11-08
finance academy graduates programme,Endava,Cluj-Napoca,Be an early applicant,2023-11-08
business analyst,NETOPIA Payments,Bucharest,Actively Hiring,2023-11-17
finance controlling expert,Allianz Services,Bucharest Metropolitan Area,Be an early applicant,2023-11-21
accountant,Remote,Bucharest Metropolitan Area,Not specified,2023-10-23
financial analyst,Canonical,Cluj-Napoca,Not specified,2023-11-08
growth strategy analyst,Salt Bank,Bucharest,Actively Hiring,2023-11-01
customer operation specialist graduate role,HP,Bucharest Metropolitan Area,Be an early applicant,2023-11-08
purchasing manager,ManpowerGroup,Bucharest,Actively Hiring,2023-11-19
financial controlleranalyst,Hipo.ro Jobs,Miercurea-Ciuc,Be an early applicant,2023-10-23
senior accountant,Adecco,Bucharest Metropolitan Area,Actively Hiring,2023-11-01
power bi developer romania,Delbridge Solutions,Bucharest,Not specified,2023-07-25
junior financial analyst solution business,Hipo.ro Jobs,Bucharest,Be an early applicant,2023-10-23
chief accountant,Vola.ro,Bucharest,Actively Hiring,2023-11-15
entry level model risk analyst,BNP Paribas,Bucharest,Be an early applicant,2023-11-08
junior financial analyst,Vertiv,Cluj-Napoca,Actively Hiring,2023-11-01
financial controller onsite,Antal International,Harghita,Be an early applicant,2023-10-23
senior accountant,Hays,Bucharest,Actively Hiring,2023-11-01
senior reporting analyst,PRO TV,Bucharest,Not specified,2023-11-01
treasurer,INTERBRANDS ORBICO,Bucharest,Be an early applicant,2023-11-01
senior account manager,EveryMatrix,Bucharest,Actively Hiring,2023-11-15
junior auditor,Grant Thornton Romania,Bucharest,Actively Hiring,2023-06-25
information technology service delivery manager,Ahold Delhaize,Bucharest,Actively Hiring,2023-10-23
legal counsel,Printec Group,Bucharest,Actively Hiring,2023-10-23
accounts payable year contract,Garrett - Advancing Motion,Bucharest Metropolitan Area,Actively Hiring,2023-11-01
deputy chief accountant,INTERBRANDS ORBICO,Bucharest,Be an early applicant,2023-09-23
executive assistant ceo,Help Net Farma,Bucharest,Be an early applicant,2023-10-23
junior financial analyst,Vertiv,Cluj-Napoca,Actively Hiring,2023-11-19
resource manager,ReBound,Bucharest,Actively Hiring,2023-11-15
junior accountant,Ness Digital Engineering,Iaşi,Actively Hiring,2023-10-23
junior accountant,Hipo.ro Jobs,Bucharest,Be an early applicant,2023-11-15
marketing operations specialist,Tradeshift,Bucharest,Be an early applicant,2023-11-19
finance manager,Exec-Tech,Bucharest,Actively Hiring,2023-10-23
finance contract manager mfd,GOPA Consulting Group,Bucharest,Not specified,2023-10-23
finance manager,The Goodyear Tire & Rubber Company,Bucharest,Be an early applicant,2023-11-21
business analyst,Yopeso,Romania,Not specified,2023-08-24
retail collection officer,Hipo.ro Jobs,Bucharest,Be an early applicant,2023-07-25
accounting specialist,Samsung Electronics Romania,Bucharest,Not specified,2023-11-20
senior associate audit assurance,PwC Romania,Bucharest,Actively Hiring,2023-10-23
sales account officer bucuresti,Hipo.ro Jobs,Bucharest,Be an early applicant,2023-11-01
risk analyst risk projects unit,BRD - Groupe Societe Generale,Bucharest,Actively Hiring,2023-11-15
commercial finance analyst,Hipo.ro Jobs,Bucharest,Be an early applicant,2023-10-23
commercial project manager,Sobi - Swedish Orphan Biovitrum AB (publ),Bucharest,Be an early applicant,2023-10-28
test analyst,BNP Paribas Personal Finance,Bucharest,Actively Hiring,2023-11-19
loan capital market expert,BCR,Bucharest,Actively Hiring,2023-11-01
category planner,BAT,Bucharest,Actively Hiring,2023-11-08
junior analyst accounts payable english,BAT,Bucharest,Actively Hiring,2023-11-15
controlling reporting analyst,Allianz Services,Bucharest,Be an early applicant,2023-09-23
growth manager,Pearson,Romania,Not specified,2023-11-08
lead football trader,EveryMatrix,Bucharest,Be an early applicant,2023-11-08
accountant,Sinova,Ciulnița,Be an early applicant,2023-11-15
senior manager accounts payable europe new markets,BeiGene,Romania,Not specified,2023-11-15
controlling manager,Smart HR Romania,Cluj,Be an early applicant,2023-11-21
group product cost controller,Preh Romania,Ghimbav,Be an early applicant,2023-11-08
financial controller site cluj napoca,Antal International,Cluj-Napoca,Be an early applicant,2023-10-23
jr accounts assistant,POTENTIAM LTD,Iasi Metropolitan Area,Actively Hiring,2023-11-01
bookkeeper,ADEL INVEST,Bucharest,Be an early applicant,2023-11-21
assistant comptable,Societe Generale Global Solution Centre Romania,Bucharest,Be an early applicant,2023-11-15
finance business partner commercial,Hipo.ro Jobs,Bucharest,Be an early applicant,2023-10-23
senior accountant,Edenred Romania,Bucharest,Not specified,2023-11-19
junior chief staff,Emma – The Sleep Company,Bucharest,Not specified,2023-09-23
customer services xaas governance lead,Deutsche Bank,Bucharest,Actively Hiring,2023-10-23
financial controller,Hipo.ro Jobs,Bucharest,Be an early applicant,2023-10-25
senior associate capital markets accounting advisory services fs,PwC Romania,Bucharest,Be an early applicant,2023-11-15
auditor,Banca Transilvania,Bucharest Metropolitan Area,Actively Hiring,2023-11-21
risk analyst,BRD - Groupe Societe Generale,Bucharest,Actively Hiring,2023-05-26
gl accountant english,Coface,Bucharest,Actively Hiring,2023-11-17
global head sales finance services industry,Canonical,Bucharest,Not specified,2023-06-25
financial controller,GatedTalent - Connecting Top Executive Search Firms And Executives,Bucharest Metropolitan Area,Be an early applicant,2023-10-23
data reporting specialist excel,Samsung Electronics Romania,Bucharest,Not specified,2023-11-20
accountant middle level,GABTEO HR,Bucharest,Be an early applicant,2023-10-23
business analyst,Luxoft,Bucharest Metropolitan Area,Actively Hiring,2023-10-25
chief staff kyu,Societe Generale,Bucharest,Actively Hiring,2023-11-08
senior accountant,ManpowerGroup,Curtea de Argeş,Be an early applicant,2023-11-08
credit risk ifrs manager,PwC Romania,Bucharest,Actively Hiring,2023-11-15
sales senior financial markets,Raiffeisen Bank Romania,Bucharest,Be an early applicant,2023-11-20
financial controller,Worldline,Bucharest,Be an early applicant,2023-11-19
finance accounting manager,Undelucram.ro,Bucharest,Not specified,2023-10-23
senior accountant,Adecco,Bucharest,Actively Hiring,2023-11-17
financial controller,FAIST Mekatronic,Oradea,Be an early applicant,2023-11-19
commercial director romania east europe gas trading division site bucharest,Antal International,Bucharest,Actively Hiring,2023-11-01
customer success manager leading ecommerce education program ro,SellerPlex,Romania,Not specified,2023-11-01
financial advisor,ASIROM - Vienna Insurance Group,Bucharest,Be an early applicant,2023-11-17
sales analyst,NALA Natural Cosmetics,Romania,Actively Hiring,2023-11-21
finance analytics expert,UiPath,Bucharest,Actively Hiring,2023-11-08
junior accountant,Ness Digital Engineering,Timisoara Metropolitan Area,Actively Hiring,2023-11-08
corporate financial controller,Hipo.ro Jobs,Bucharest,Be an early applicant,2023-10-25
auditor junior,Contexpert,Bucharest,Be an early applicant,2023-10-23
trade marketing distribution manager,Landewyck,Romania,Actively Hiring,2023-11-19
senior group internal auditor,Coface,Bucharest,Actively Hiring,2023-11-15
junior accountant,Hipo.ro Jobs,Bucharest,Be an early applicant,2023-11-08
accounting consultant,EY,Bucharest,Actively Hiring,2023-11-08
officeexecutive assistant,Grant Thornton Romania,Bucharest,Be an early applicant,2023-09-23
purchasing specialist,ASEE,Bucharest Metropolitan Area,Actively Hiring,2023-11-15
legal compliance officer,XP,Bucharest,Actively Hiring,2023-11-15
accounting reporting specialist fmd,SIG Group,Cluj-Napoca,Be an early applicant,2023-11-01
financial advisor transaction services,PwC Romania,Bucharest,Be an early applicant,2023-11-21
global head sales finance services industry,Canonical,Timişoara,Be an early applicant,2023-07-25
card acquiring manager,Garanti BBVA Romania,Bucharest,Actively Hiring,2023-11-08
junior media planner,GroupM,Bucharest Metropolitan Area,Be an early applicant,2023-11-08
finance officer operations romania,World Vision,Bucharest,Be an early applicant,2023-04-26
junior business controller,DB Schenker,Bucharest,Be an early applicant,2023-11-19
senior consultant people analytics,Vodafone,Bucharest,Actively Hiring,2023-11-08
kyc advisory analyst wholesale banking french,Societe Generale Global Solution Centre Romania,Bucharest Metropolitan Area,Actively Hiring,2023-10-23
credit controller,Gilbarco Veeder-Root,Bucharest,Be an early applicant,2023-11-08
financial controller,Hipo.ro Jobs,Bucharest,Be an early applicant,2023-11-01
senior financial analyst,Siemens Energy,Bucharest,Be an early applicant,2023-10-28
data analyst finance,Hipo.ro Jobs,Bucharest,Be an early applicant,2023-11-01
technical recruiter,Faptic Technology,Romania,Not specified,2023-11-01
software business analyst,MAS PLC,Bucharest,Actively Hiring,2023-11-19
finance administration coordinator romania,HIAS,Bucharest,Be an early applicant,2023-11-19
internal auditor,Braze,Bucharest,Be an early applicant,2023-11-20
operations specialist project based,Adecco,Romania,Actively Hiring,2023-11-21
global real estate manager,LeasePlan,Bucharest,Actively Hiring,2023-08-24
accounting controller assistant,Marsh McLennan,Bucharest,Be an early applicant,2023-11-15
junior controller,Undelucram.ro,Timisoara Metropolitan Area,Be an early applicant,2023-11-19
general ledger frexl,Human Direct,Cluj-Napoca,Be an early applicant,2023-10-23
senior financial controller,Hipo.ro Jobs,Bucharest,Be an early applicant,2023-10-25
strategic operational almsenior associate,UniCredit Bank Romania,Bucharest,Actively Hiring,2023-11-08
senior internal auditor risk management,UniCredit Bank Romania,Bucharest,Actively Hiring,2023-11-15
senior financial analyst,BAT,Bucharest,Actively Hiring,2023-11-15
financial controller,Worldline,Bucharest,Actively Hiring,2023-11-19
financial accountant analyst,Accenture,Bucharest,Actively Hiring,2023-10-23
deal flow analyst acquisitions accelerator ro,SellerPlex,Romania,Be an early applicant,2023-11-19
senior group internal auditor,Coface,Bucharest,Be an early applicant,2023-11-15
risk analyst risk projects unit,BRD - Groupe Societe Generale,Bucharest,Actively Hiring,2023-07-25
managing director mfd romania,BayWa r.e. EMEA,Bucharest,Actively Hiring,2023-08-24
accounting reporting analyst fmd,SIG Group,Cluj-Napoca,Be an early applicant,2023-10-23
general accountant english,Hipo.ro Jobs,Bucharest,Be an early applicant,2023-10-23
shana finance innovation specialist,SAP Fioneer,Cluj-Napoca,Be an early applicant,2023-11-19
payment specialist,Adecco,Bucharest,Actively Hiring,2023-11-15
principal reporting analyst,PTC,Bucharest,Be an early applicant,2023-11-19
regulatory reporting analyst,Societe Generale Global Solution Centre Romania,Bucharest,Be an early applicant,2023-11-20
financial analyst,ARRISE powering Pragmatic Play,Bucharest,Be an early applicant,2023-11-18
deal flow analyst acquisitions accelerator bu,SellerPlex,Romania,Be an early applicant,2023-11-19
ifrs specialist,PwC Romania,Bucharest,Be an early applicant,2023-11-15
trade finance professional,Euro Exim Bank,Romania,Be an early applicant,2023-11-16
treasury reporting analyst,888Sparkware,Bucharest,Be an early applicant,2023-08-24
senior engineer,Deutsche Bank,Bucharest,Be an early applicant,2023-11-15
sr accountant,MetaWealth™,Bucharest,Be an early applicant,2023-11-21
accounts receivable english,Hipo.ro Jobs,Bucharest,Be an early applicant,2023-10-25
business development manager,Hexing Group,Timişoara,Be an early applicant,2023-11-19
function controller,Worldline,Bucharest,Be an early applicant,2023-11-17
manager financial services audit,PwC Romania,Bucharest,Be an early applicant,2023-11-08
senior auditor,Mazars in Romania,Bucharest,Actively Hiring,2023-11-08
project finance accountant,Ericsson,Bucharest,Be an early applicant,2023-11-15
chief accountant,Professional HR Agency,Cluj-Napoca,Be an early applicant,2023-11-08
payment flows services specialist,Worldline,Bucharest,Actively Hiring,2023-11-08
deputy manager audit financial services,PwC Romania,Bucharest,Be an early applicant,2023-11-08
junior financial controller,Worldline,Bucharest,Be an early applicant,2023-10-23
financial accountant senior analyst,Accenture,Bucharest,Be an early applicant,2023-11-20
accounting tax compliance manager,PwC Romania,Bucharest,Actively Hiring,2023-10-23
financial controller,GEA Group,Cluj-Napoca,Be an early applicant,2023-11-20
senior commercial controller,Siemens Energy,Bucharest,Be an early applicant,2023-11-15
local regulatory reporting analyst,Societe Generale Global Solution Centre Romania,Bucharest,Actively Hiring,2023-11-15
buyer corporate services,Alstom,Cluj-Napoca,Be an early applicant,2023-11-21
accountant exciting opportunity rapidly expanding romanian city,Antal International,Alba Iulia,Be an early applicant,2023-10-23
internal control analyst,LeasePlan,Bucharest,Be an early applicant,2023-11-18
financial accountant sap fi,Kardex,Timisoara Metropolitan Area,Actively Hiring,2023-11-15
junior accounts payable accountant,Hipo.ro Jobs,Bucharest,Be an early applicant,2023-09-23
manager capital markets accounting advisory services fs,PwC Romania,Bucharest,Be an early applicant,2023-11-15
manager accounting advisory services omfp ifrs,PwC Romania,Bucharest,Actively Hiring,2023-11-08
regional sales manager romania,OPSWAT,Timişoara,Actively Hiring,2023-11-15
junior accountant,Impresa Pizzarotti & C. S.p.A.,Bucharest,Not specified,2023-11-08
ifrs group reporting specialist,MedLife SA,Bucharest,Not specified,2023-11-08
back office assistant bb,IHM Total Consult,Bucharest,Be an early applicant,2023-10-23
data protection privacy specialist,_VOIS,Bucharest,Actively Hiring,2023-10-23
collections analyst french,Oracle,Bucharest,Actively Hiring,2023-11-15
data scientist risk,Revolut,Romania,Actively Hiring,2023-11-15
senior associate accounting advisory services omfp ifrs,PwC Romania,Bucharest,Actively Hiring,2023-11-08
retail banking officer craiova,First Bank SA,Craiova,Be an early applicant,2023-11-15
head finance plant buzias,Siemens,Buziaș,Be an early applicant,2023-10-28
finance accounting specialist,Hipo.ro Jobs,Bucharest,Be an early applicant,2023-11-17
specialist middle office non retail bc bucuresti sud,BRD - Groupe Societe Generale,Bucharest,Be an early applicant,2023-09-23
global head sales finance services industry,Canonical,Cluj-Napoca,Be an early applicant,2023-07-25
billing accountant,Hipo.ro Jobs,Bucharest,Be an early applicant,2023-11-01
treasury accounting specialist,BAT,Bucharest,Actively Hiring,2023-11-01
regional manager romania,Tarfin,Bacău,Actively Hiring,2023-11-15
administrative support specialist,Vertify,Bucharest,Actively Hiring,2023-09-23
manager audit assurance,PwC Romania,Bucharest,Actively Hiring,2023-11-15
interim managing director mfd romania,Morgan Philips Group,Romania,Actively Hiring,2023-11-20
product marketing manager,Tradeshift,Bucharest,Not specified,2023-11-20
project manager,Hipo.ro Jobs,Bucharest,Be an early applicant,2023-11-01
project development manager,Leap29,Bucharest,Actively Hiring,2023-11-19
financial sales consultant,NN Group,Bucharest Metropolitan Area,Be an early applicant,2023-11-15
senior operational risk officer,First Bank SA,Bucharest,Be an early applicant,2023-11-17
senior finance analyst,Honeywell,Bucharest,Be an early applicant,2023-11-18
financial controller,Autoliv,Braşov,Actively Hiring,2023-11-20
senior accountant,North Bucharest Investments,Bucharest,Be an early applicant,2023-11-20
general ledger accountant,"Cameron, a Schlumberger company",Bucharest,Be an early applicant,2023-10-23
power bi reporting coordinator,Adecco,Cluj-Napoca,Actively Hiring,2023-11-15
customer data analyst,Hipo.ro Jobs,Bucharest,Be an early applicant,2023-11-01
continuous improvement process expert accounts payables,Bosch Romania,Timişoara,Be an early applicant,2023-11-01
junior consultant transfer pricing controversy,PwC Romania,Bucharest,Be an early applicant,2023-11-21
financial accountant senior analyst,Accenture,Bucharest,Actively Hiring,2023-11-08
sales support analyst,ALBALACT,Bucharest,Be an early applicant,2023-11-01
cyber security pmo execution governance,Deutsche Bank,Bucharest,Actively Hiring,2023-11-15
financial analyst,Canonical,Timişoara,Not specified,2023-11-08
contabil accountant,TPA Romania,Bucharest,Not specified,2023-08-24
enterprise data architect,Deutsche Bank,Bucharest,Actively Hiring,2023-10-23
financial controller,Hipo.ro Jobs,Curtea de Argeş,Be an early applicant,2023-10-25
senior commercial project controller,Siemens Energy,Bucharest Metropolitan Area,Be an early applicant,2023-11-15
finance business partner,NN,Bucharest,Actively Hiring,2023-11-08
general ledger accountant,Ericsson,Bucharest,Not specified,2023-11-20
business financial controller,Hipo.ro Jobs,Bucharest,Be an early applicant,2023-10-25
credit analyst,Allianz Trade in Romania,Romania,Not specified,2023-11-08
junior trader dubai uae,Cobblestone Energy,Bucharest,Be an early applicant,2023-10-23
senior analyst fpa,The Goodyear Tire & Rubber Company,Bucharest,Actively Hiring,2023-11-19
contract manager,Tremend Software Consulting,Bucharest Metropolitan Area,Actively Hiring,2023-10-23
retail banking officer galati,First Bank SA,Galaţi,Be an early applicant,2023-11-15
business consultant erp implementation,TotalSoft,Bucharest Metropolitan Area,Not specified,2023-11-15
payments specialist,Procter & Gamble,Bucharest,Actively Hiring,2023-10-28
sales account officer mangalia,Hipo.ro Jobs,Mangalia,Be an early applicant,2023-10-23
senior associate accounting regulatory advisory financial institutions digital enthusiast,PwC Romania,Bucharest,Be an early applicant,2023-11-15
senior accountant,BNP Paribas,Bucharest,Be an early applicant,2023-10-23
commercial project manager,Sobi - Swedish Orphan Biovitrum AB (publ),Timisoara Metropolitan Area,Be an early applicant,2023-11-20
controller,The Goodyear Tire & Rubber Company,Bucharest,Actively Hiring,2023-11-08
senior accountant,Hipo.ro Jobs,Bucharest,Be an early applicant,2023-11-20
accounts receivable specialist,Huf Group,Timişoara,Actively Hiring,2023-11-15
finance gbs consultant,EY,Bucharest,Actively Hiring,2023-11-18
purchase specialist,LANCO Romania,Tălmaciu,Actively Hiring,2023-11-08
treasury corporate finance analyst,AUTO1 Group,Bucharest,Actively Hiring,2023-11-01
team leader accounts receivable,Siemens Energy,Bucharest,Actively Hiring,2023-11-15
project controller real estate,Siemens Energy,Bucharest Metropolitan Area,Be an early applicant,2023-11-15
business consultant charisma medical software,TotalSoft,Bucharest,Be an early applicant,2023-07-25
credit analyst,Prima Finantare,Iasi Metropolitan Area,Be an early applicant,2023-10-28
fraud risk analyst online casino internal,Ezugi,Voluntari,Be an early applicant,2023-10-23
manager finance,Copeland,Cluj-Napoca,Actively Hiring,2023-10-28
accounts payable analyst payments,BAT,Bucharest,Be an early applicant,2023-11-20
accountant,Hipo.ro Jobs,Oradea,Be an early applicant,2023-10-23
general ledger accountant frenchspeaking remote,Webhelp,Romania,Actively Hiring,2023-11-20
financial controlling expert,Allianz Services,Bucharest,Be an early applicant,2023-10-23
senior controller,Undelucram.ro,Timisoara Metropolitan Area,Be an early applicant,2023-11-19
accountant,The Goodyear Tire & Rubber Company,Bucharest,Actively Hiring,2023-11-20
technical account manager project manager cluj romania,Global App Testing,Cluj-Napoca,Not specified,2023-10-23
financial controller snow,Allianz Services,Bucharest Metropolitan Area,Actively Hiring,2023-11-20
controller,Allianz Trade in Romania,Bucharest,Be an early applicant,2023-10-23
business development eedenbull,PayTech Group,Bucharest,Be an early applicant,2023-09-23
strategy operations manager risk,Revolut,Romania,Actively Hiring,2023-11-19
etrmctrm business analyst,Infosys,Bucharest,Be an early applicant,2023-11-15
lead internal auditor,Alstom,Cluj-Napoca,Be an early applicant,2023-11-17
accountant arad site,Antal International,Arad,Be an early applicant,2023-10-23
senior accountant,Nestwise Trading,Constanţa,Be an early applicant,2023-11-19
general ledger accountant,VON Consulting,Bucharest,Be an early applicant,2023-07-25
market development lead southeastern europeremote,ZEN.COM,Bucharest,Not specified,2023-09-23
pl sql developer,EDUROM,Bucharest Metropolitan Area,Actively Hiring,2023-11-19
financial controller,Worldline,Bucharest,Be an early applicant,2023-09-23
transactions specialist,Temps HR,Bucharest Metropolitan Area,Be an early applicant,2023-11-15
client advisor english remote,CGS Romania,Bucharest,Be an early applicant,2023-11-01
operation controller,Air Liquide,Bucharest,Actively Hiring,2023-10-23
gas spot trader dubai uae,Cobblestone Energy,Bucharest,Be an early applicant,2023-06-25
group payroll administration manager romania,Alexandrion Group,Ploieşti,Be an early applicant,2023-11-17
financial controller,Allianz Trade in Romania,Bucharest,Not specified,2023-03-27
sales consultant,ICAP CRIF,Bucharest,Actively Hiring,2023-11-08
senior finance controller skyvera remote year usd,Crossover,Bucharest,Not specified,2023-11-21
junior auditor financial services industry clujnapoca office,ACCA Careers,Cluj-Napoca,Be an early applicant,2023-11-17
collections specialist,Diversey Europe,Bucharest,Actively Hiring,2023-11-08
traditional trade channel manager,Bergenbier S.A.,Bucharest,Not specified,2023-11-08
accountant,Euronet EFT Segment,Bucharest,Actively Hiring,2023-11-15
portfolio success manager englishspeaking pm,Viseven,Bucharest,Not specified,2023-10-23
business warehouse sap specialist,Alstom,Cluj-Napoca,Actively Hiring,2023-11-19
risk compliance manager,Societe Generale Global Solution Centre,Bucharest,Actively Hiring,2023-11-08
specialist risk management,CREDIT EUROPE BANK (ROMANIA) S.A.,Bucharest,Not specified,2023-11-17
senior accounts payable,Sales Consulting,Cluj-Napoca,Be an early applicant,2023-11-18
hr generalist,Emma – The Sleep Company,Bucharest,Be an early applicant,2023-09-23
senior financial controller,Worldline,Bucharest,Be an early applicant,2023-11-01
sap co mm wm consultant,QUALITANCE,Bucharest,Be an early applicant,2023-10-23
european sports trader,Kambi,Bucharest,Not specified,2023-11-08
contabil junior franceza engleza bb,Hipo.ro Jobs,Bucharest,Be an early applicant,2023-10-23
project leader shana rollout,Bosch Romania,Timişoara,Be an early applicant,2023-11-17
accounting assistant,Marina Travel ehf,Iaşi,Be an early applicant,2023-11-19
fpa analyst,The Goodyear Tire & Rubber Company,Bucharest,Actively Hiring,2023-11-18
fpa analyst,The Goodyear Tire & Rubber Company,Bucharest,Actively Hiring,2023-11-15
senior corporate finance analyst,BAT,Bucharest,Actively Hiring,2023-11-15
corporate relationship manager calarasi,BCR,Călăraşi,Be an early applicant,2023-11-15
demand planning specialist,PepsiCo,Bucharest,Actively Hiring,2023-11-15
hr generalist,Fall Creek®,Moara Vlăsiei,Actively Hiring,2023-11-15
chief staff kyu,Societe Generale Global Solution Centre Romania,Bucharest,Be an early applicant,2023-11-08
senior buyer frenchenglish,Alstom,Cluj-Napoca,Actively Hiring,2023-11-08
accounting analyst,Molson Coors GBS,Bucharest,Be an early applicant,2023-11-20
office manager,KONEM INVEST,Brasov Metropolitan Area,Actively Hiring,2023-11-18
internal audit sox consultant,Genpact,Romania,Actively Hiring,2023-11-08
business sales analyst,OLX,Bucharest,Actively Hiring,2023-11-08
business development coordinator,Globe Williams International,Bucharest Metropolitan Area,Be an early applicant,2023-11-21
chief accountant,Hipo.ro Jobs,Bucharest,Be an early applicant,2023-09-23
senior hr reporting controller,BNP Paribas,Bucharest,Be an early applicant,2023-08-24
field sales executive brasov,Viva.com,Braşov,Actively Hiring,2023-11-08
procurement analyst part time frexl,Human Direct,Cluj-Napoca,Be an early applicant,2023-10-23
policy privacy compliance lead,_VOIS,Bucharest,Actively Hiring,2023-11-01
accounts receivable accountant contracts billing,Endava,Cluj-Napoca,Be an early applicant,2023-11-08
risk analyst hybrid,BNP Paribas,Bucharest,Be an early applicant,2023-10-23
intercompany finance analyst,BAT,Bucharest,Actively Hiring,2023-11-15
global graduate dbs finance,Hipo.ro Jobs,Bucharest,Be an early applicant,2023-07-25
rollout expert purchasing ip,Bosch Romania,Timişoara,Be an early applicant,2023-11-17
financial reporting analyst,Societe Generale,Bucharest,Be an early applicant,2023-09-23
contabil ef,Professional HR Agency,Sector 1,Be an early applicant,2023-11-01
senior accountant,Cicor Group,Arad,Be an early applicant,2023-11-15
finance content editor seo,HelpMeChoose,Romania,Be an early applicant,2023-10-28
project controller,Siemens Energy,Bucharest,Actively Hiring,2023-11-15
travel officer,Endava,Cluj-Napoca,Actively Hiring,2023-11-08
senior finance analyst,Sales Consulting,Cluj-Napoca Metropolitan Area,Be an early applicant,2023-10-25
credit controller,Mood Media,Bucharest,Be an early applicant,2023-11-01
senior business controller,DB Schenker,Bucharest,Be an early applicant,2023-11-19
property senior accountant,ALTEX Romania,Bucharest,Be an early applicant,2023-11-08
property accountant prahova value centre,MAS PLC,Ploiesti Metropolitan Area,Be an early applicant,2023-10-25
regional finance category fpa business partner,Kellanova,Bucharest,Be an early applicant,2023-10-23
general accountant,Hipo.ro Jobs,Bucharest,Be an early applicant,2023-10-25
senior business controller,Worldline,Bucharest,Actively Hiring,2023-09-23
finance level controller,Societe Generale,Bucharest,Be an early applicant,2023-11-01
senior product manager lending,BillEase,Romania,Be an early applicant,2023-10-28
senior analyst fpa,The Goodyear Tire & Rubber Company,Bucharest,Be an early applicant,2023-11-08
solution business analyst,Hipo.ro Jobs,Bucharest,Be an early applicant,2023-11-01
customer operations specialist graduate program,HP,Bucharest Metropolitan Area,Not specified,2023-11-15
inventory accounting analyst,SLB,Bucharest,Be an early applicant,2023-11-16
kyc specialist wholesale banking french,Societe Generale Global Solution Centre Romania,Bucharest,Actively Hiring,2023-11-08
property accountant alba iulia,MAS PLC,Alba Iulia,Be an early applicant,2023-11-08
senior expert rr excellence,OMV Petrom,Bucharest,Actively Hiring,2023-11-01
senior financial controllerms,Hipo.ro Jobs,Bucharest,Be an early applicant,2023-10-25
technical business analyst data managementing hubs romania,ING Hubs Romania,Bucharest,Actively Hiring,2023-11-08
contabil manager,Grant Thornton Romania,Bucharest,Be an early applicant,2023-11-15
accounts payable analyst,The Goodyear Tire & Rubber Company,Bucharest,Actively Hiring,2023-11-15
export delivery center senior accountant,PwC Romania,Bucharest,Actively Hiring,2023-10-23
data analyst,Allianz Services,Bucharest,Actively Hiring,2023-10-23
junior accountant accounts receivable fmd,Awin Global,Iaşi,Be an early applicant,2023-11-19
financial reporting manager trilogy remote year usd,Crossover,Bucharest,Be an early applicant,2023-11-21
controller internal control department,Garanti BBVA Romania,Bucharest,Actively Hiring,2023-11-15
senior quality assurance manager,MHC - Romania,Romania,Actively Hiring,2023-11-21
personal banker sucursale bucuresti,Libra Internet Bank,Bucharest,Be an early applicant,2023-10-23
financial analyst,DXC Technology,Bucharest,Be an early applicant,2023-11-08
property manager,MAS PLC,Iaşi,Be an early applicant,2023-11-15
senior planning reporting analyst,Hipo.ro Jobs,Bucharest,Be an early applicant,2023-10-23
cto project management analyst,Deutsche Bank,Bucharest,Actively Hiring,2023-09-23
senior accountant hybrid,TELUS International Romania,Bucharest,Actively Hiring,2023-11-01
project manager photovoltaic wind projects development,Adecco,Bucharest,Actively Hiring,2023-11-08
financial systems senior manager,WhiteCrow Research,Bucharest,Be an early applicant,2023-10-23
financial advisor,NN,Sibiu,Be an early applicant,2023-11-20
economist exciting opportunity rapidly expanding romanian city,Antal International,Alba Iulia,Be an early applicant,2023-10-23
accountant,Hipo.ro Jobs,Bucharest,Be an early applicant,2023-10-23
product senior actuary,MetLife,Bucharest,Be an early applicant,2023-11-01
recruitment consultant home office,Sowelo Consulting sp. z o.o. sp. k.,Bucharest,Actively Hiring,2023-11-18
application support engineer,OPEN,Bucharest,Actively Hiring,2023-10-23
accounts payable analyst english speaker,The Goodyear Tire & Rubber Company,Bucharest,Actively Hiring,2023-11-18
fpa analyst,The Goodyear Tire & Rubber Company,Bucharest,Actively Hiring,2023-11-08
complex investigations manager,Revolut,Romania,Actively Hiring,2023-11-08
commercial director gas trading bucharest romania,Antal International,Bucharest,Actively Hiring,2023-08-24
senior holding accountant digital,LeasePlan,Bucharest,Be an early applicant,2023-10-23
angajm junior financial controller,Hipo.ro Jobs,Ploieşti,Be an early applicant,2023-11-18
accounts payable clerk,Veeam Software,Bucharest,Actively Hiring,2023-11-08
accounts receivables accountant,Hipo.ro Jobs,Bucharest,Be an early applicant,2023-10-23
planning reporting analyst,BAT,Bucharest,Be an early applicant,2023-11-15
general ledger,Hipo.ro Jobs,Bucharest,Be an early applicant,2023-08-24
relationship manager micro clients,UniCredit Bank Romania,Carei,Be an early applicant,2023-11-08
global logistics process management,Hewlett Packard Enterprise,Bucharest Metropolitan Area,Actively Hiring,2023-10-25
administration finance assistant,Discovery Life Sciences,Bucharest,Be an early applicant,2023-11-15
local service business analyst due diligence support ro,SellerPlex,Romania,Not specified,2023-11-15
compliance specialist kyc,Hipo.ro Jobs,Bucharest,Be an early applicant,2023-11-01
country controlling support,Hipo.ro Jobs,Bucharest,Be an early applicant,2023-10-25
credit analyst,Allianz Trade in Romania,Bucharest,Be an early applicant,2023-11-15
business analyst french,Societe Generale Global Solution Centre Romania,Romania,Actively Hiring,2023-11-18
compliance manager mlro team,Revolut,Romania,Actively Hiring,2023-11-15
business controller gmm,Siemens Energy,Bucharest,Be an early applicant,2023-11-15
junior user acquisition specialist meta,Pearson,Romania,Not specified,2023-08-24
accountant,Grafton Recruitment,Sector 2,Be an early applicant,2023-11-15
kyc wholesale cfa analyst,Societe Generale Global Solution Centre Romania,Bucharest,Be an early applicant,2023-11-19
revenue accountant,Canonical,Cluj-Napoca,Be an early applicant,2023-11-21
junior risk analyst,Dentons,Bucharest,Actively Hiring,2023-07-25
risk analyst wholesale,Hipo.ro Jobs,Bucharest,Be an early applicant,2023-11-01
accounts receivable french,WNS Global Services,Bucharest,Be an early applicant,2023-11-15
sales support analyst,Compania Indiilor Orientale (CIO),Bucharest Metropolitan Area,Be an early applicant,2023-11-20
business functional analyst,Deutsche Bank,Bucharest,Actively Hiring,2023-10-23
senior risk strategies monitoring reporting officer,UNICREDIT LEASING S.P.A.,Bucharest,Not specified,2023-11-08
senior account manager,Viseven,Bucharest,Not specified,2023-10-23
senior large corporate relationship manager specialized lending department,OTP Bank Romania,Bucharest Metropolitan Area,Actively Hiring,2023-11-15
accountant site arad,Antal International,Arad,Actively Hiring,2023-08-24
pilot supplier risk team management horse,Renault Group,Piteşti,Actively Hiring,2023-11-08
sap finance control consultant,Q_PERIOR Romania,Cluj,Be an early applicant,2023-11-15
specialist sistem asigurari corporate,Generali,Bucharest Metropolitan Area,Actively Hiring,2023-11-08
contabil junior,BAT,Bucharest,Be an early applicant,2023-11-17
review generation funnel ecommerce health brand ro,SellerPlex,Romania,Be an early applicant,2023-11-01
global head fraud,Paymentology,Bucharest,Not specified,2023-08-24
senior financial controller,Worldline,Bucharest,Be an early applicant,2023-10-23
senior accountant,ScaleneWorks People Solutions LLP,Bucharest,Be an early applicant,2023-09-23
senior accountant,GABTEO HR,Bucharest,Be an early applicant,2023-10-25
data scientist risk,Hipo.ro Jobs,Bucharest,Be an early applicant,2023-11-01
senior buyer frenchenglish,Alstom,Cluj-Napoca,Be an early applicant,2023-11-17
tagetik consultant,Delbridge Solutions,Bucharest,Be an early applicant,2023-10-23
cost accounting analyst,SLB,Bucharest,Be an early applicant,2023-11-19
senior gl accountant working schedule pm,GSD Solutions,Romania,Actively Hiring,2023-11-17
test automation engineer,BNP Paribas Personal Finance,Bucharest,Actively Hiring,2023-11-08
credit analyst,Allianz Trade in Romania,Bucharest,Not specified,2023-11-08
back office credit officer,Hipo.ro Jobs,Bucharest,Be an early applicant,2023-10-23
lead coordinator service delivery,Colt Technology Services,Sibiu,Be an early applicant,2023-11-20
business risk manager finance,Revolut,Romania,Be an early applicant,2023-11-20
business system analyst,Grid Dynamics,Bucharest,Actively Hiring,2023-11-15
back office risk officer,Allianz Trade in Romania,Romania,Be an early applicant,2023-03-27
accountant hr responsible,Royal School in Transylvania,Cluj,Be an early applicant,2023-11-20
business development manager simracing cockpits,ASBIS,Romania,Actively Hiring,2023-11-01
sports risk analyst,EveryMatrix,Bucharest,Be an early applicant,2023-11-08
senior financial analyst,Snyk,Cluj-Napoca,Be an early applicant,2023-11-20
senior manager financial reporting trilogy remote year usd,Crossover,Bucharest,Be an early applicant,2023-11-21
junior auditor,Hipo.ro Jobs,Bucharest,Be an early applicant,2023-08-24
regulatory reporting analyst,Societe Generale,Bucharest,Be an early applicant,2023-11-01
sales executive seaair sales executive land,SEAL Express Logistics,Bucharest Metropolitan Area,Actively Hiring,2023-09-23
fixed assets accounting analyst,"Cameron, a Schlumberger company",Bucharest,Be an early applicant,2023-09-23
financial controller,Autoliv,Braşov,Be an early applicant,2023-11-08
financial analyst,DXC Technology,Bucharest,Be an early applicant,2023-10-23
sr revenue analyst,ACI Worldwide,Timisoara Metropolitan Area,Be an early applicant,2023-11-21
back officer risk officer,Allianz Trade in Romania,Bucharest,Not specified,2023-11-15
senior buyer,Societe Generale,Bucharest,Actively Hiring,2023-11-15
anaplan consultant w frenchitalian,BearingPoint,Bucharest,Actively Hiring,2023-11-01
inhouse legal advisor,Deloitte,Bucharest,Actively Hiring,2023-11-08
procurement controller turda,Antal International,Cluj-Napoca,Be an early applicant,2023-11-01
regulatory reporting analyst,LeasePlan,Bucharest,Be an early applicant,2023-09-23
data analyst internal audit fm,Renault Group,Bucharest,Actively Hiring,2023-11-19
global head fraud remote,Paymentology,Romania,Not specified,2023-11-08
project accountant,SLB,Bucharest,Actively Hiring,2023-10-23
inventory accounting analyst,"Cameron, a Schlumberger company",Bucharest,Be an early applicant,2023-10-23
senior product specialist,Garrett - Advancing Motion,Bucharest,Actively Hiring,2023-11-08
cash bank analyst,Siemens Energy,Bucharest,Actively Hiring,2023-11-08
senior accountant onsite full time,Antal International,Bucharest,Be an early applicant,2023-11-08
applications support,Orion Innovation,Bucharest,Be an early applicant,2023-11-21
directorvp sales business development,Finaro (formerly Credorax),Romania,Be an early applicant,2023-10-28
oracle developer,Pentalog HR,Bucharest,Actively Hiring,2023-11-18
contracting specialist,Tremend Software Consulting,Bucharest Metropolitan Area,Be an early applicant,2023-11-15
senior accountant,EY,Bucharest,Actively Hiring,2023-11-19
group tax manager mwd,SIG Group,Cluj,Be an early applicant,2023-11-17
enterprise resources planning consultant,OC Prod,Bucharest,Actively Hiring,2023-11-08
wholesale finance manager,Emma – The Sleep Company,Bucharest,Not specified,2023-09-23
junior accountant,Alexa & Partners,Moșnița Nouă,Be an early applicant,2023-11-21
project controller finance,Siemens Energy,Bucharest,Actively Hiring,2023-11-19
coordinator strategy remoto,Pearson,Braşov,Be an early applicant,2023-11-15
junior audit analyst english regional audit delivery center,Deloitte,Bucharest,Actively Hiring,2023-11-15
junior data management analyst,BAT,Bucharest,Actively Hiring,2023-11-15
senior performance controller,Siemens Energy,Bucharest,Be an early applicant,2023-10-28
senior accountant romania,Hunters Group,Bucharest,Be an early applicant,2023-10-23
financial analyst,Vertiv,Cluj-Napoca,Be an early applicant,2023-11-01
accounts receivable analyst,Siemens Energy,Bucharest,Be an early applicant,2023-10-28
director financial planning analysis trilogy remote year usd,Crossover,Bucharest,Be an early applicant,2023-11-21
sap consultant finance hdmpc,Human Direct,Cluj-Napoca,Not specified,2023-04-26
continuous improvement lead,Societe Generale,Bucharest,Actively Hiring,2023-05-26
accounts payable agent french,WSP,Romania,Actively Hiring,2023-11-01
internal auditor years contract,Garrett - Advancing Motion,Bucharest,Actively Hiring,2023-11-01
compliance specialist,Revel,Bucharest,Actively Hiring,2023-11-15
research analyst romanian,The Search Group (Global) Limited,Bucharest,Not specified,2023-07-25
international internal auditor,Allianz Services,Bucharest Metropolitan Area,Actively Hiring,2023-11-20
project controller,Alstom,Bucharest,Actively Hiring,2023-11-18
cyber security manager vodafone networks,_VOIS,Bucharest,Actively Hiring,2023-11-01
network economics modelling projects manager,Orange Services,Bucharest Metropolitan Area,Actively Hiring,2023-11-19
key account manager toys modern trade bucuresti,INTERBRANDS ORBICO,Bucharest,Be an early applicant,2023-11-01
accounts receivable accountant revenue operational,Endava,Cluj-Napoca,Be an early applicant,2023-11-08
general ledger accountant,Hipo.ro Jobs,Bucharest,Be an early applicant,2023-10-23
transformation manager,Allianz Services,Bucharest,Actively Hiring,2023-09-23
consultant financiar,KIWI FINANCE,Timişoara,Be an early applicant,2023-11-15
property manager pleiades residence,MAS PLC,Ploieşti,Be an early applicant,2023-11-20
finance business partner cee,Kramp,Bucharest,Be an early applicant,2023-11-17
treasury analyst,UiPath,Bucharest,Actively Hiring,2023-11-19
accounting supervisor,A.P. Moller - Maersk,Constanţa,Be an early applicant,2023-11-15
senior business analyst bolt market,Bolt,Bucharest,Not specified,2023-11-18
junior commercial project controller,Hipo.ro Jobs,Bucharest,Be an early applicant,2023-10-23
business reporting specialist,OTP Bank Romania,Bucharest,Actively Hiring,2023-11-08
business excellence manager,BAT,Bucharest,Actively Hiring,2023-11-15
collection officer,APS Romania,Iaşi,Be an early applicant,2023-09-23
revenue accountant,Canonical,Bucharest,Be an early applicant,2023-11-21
senior accountant,Antal International,Bucharest,Be an early applicant,2023-10-25
retail leasing specialist era shopping park,MAS PLC,Iasi Metropolitan Area,Actively Hiring,2023-11-08
business support controller french,Michelin,Voluntari,Be an early applicant,2023-11-20
customer services xaas governance lead,Pentalog HR,Bucharest Metropolitan Area,Be an early applicant,2023-11-15
deputy chief accountant,Leroy Merlin,Bucharest,Be an early applicant,2023-11-15
aml analyst,Dentons,Bucharest,Actively Hiring,2023-07-25
risk analyst information security,Libra Internet Bank,Bucharest,Actively Hiring,2023-11-08
financial analyst iii,DXC Technology,Bucharest,Be an early applicant,2023-10-23
global optics photonics category sr manager,MKS Instruments,Romania,Be an early applicant,2023-10-28
application backend specialist tagetik,BearingPoint,Romania,Actively Hiring,2023-10-23
product manager kids app,Pearson,Romania,Not specified,2023-10-23
finance accountant fixedterm months job,NTT DATA Romania,Bucharest,Actively Hiring,2023-11-15
senior internal communication engagement officer,BNP Paribas,Bucharest,Actively Hiring,2023-09-23
credit analyst english,Michelin,Voluntari,Actively Hiring,2023-10-23
junior client service consultant full time hybrid,NielsenIQ,Bucharest,Actively Hiring,2023-10-28
chief accountant,SGS,Bucharest,Actively Hiring,2023-07-25
key account manager groceries bucharest,Glovo,Bucharest,Not specified,2023-11-08
data engineer,Mindera,Cluj-Napoca,Actively Hiring,2023-10-23
junior accountant,Adecco,Bucharest,Be an early applicant,2023-10-23
auditor,Tiriac Group,Bucharest,Actively Hiring,2023-11-01
financial planning analyst,The Goodyear Tire & Rubber Company,Bucharest,Be an early applicant,2023-11-21
sustainability consultant esg,PwC Romania,Bucharest,Actively Hiring,2023-11-21
cost accounting analyst,"Cameron, a Schlumberger company",Bucharest,Be an early applicant,2023-10-23
finance level controller,Societe Generale Global Solution Centre Romania,Bucharest,Be an early applicant,2023-10-23
oracle logistic consultant bi resource,Unitask Group,Romania,Be an early applicant,2023-10-23
team assistant rd fmdiv,Infineon Technologies,Bucharest,Be an early applicant,2023-10-28
financial accountant onsite,Antal International,Alba Iulia,Be an early applicant,2023-07-25
pmo lead,Deutsche Bank,Bucharest,Actively Hiring,2023-11-15
senior revenue recognition specialist,PTC,Bucharest,Actively Hiring,2023-11-08
senior business intelligence developer ing hubs ro,ING Hubs Romania,Bucharest,Actively Hiring,2023-11-15
fixed assets accounting analyst,SLB,Bucharest,Actively Hiring,2023-10-23
manager people success emea,BlackLine,Bucharest,Actively Hiring,2023-11-19
financial reporting analyst,Societe Generale Global Solution Centre Romania,Bucharest,Be an early applicant,2023-09-23
ar services head romania,Sanofi,Bucharest,Not specified,2023-09-23
business risk manager,Revolut,Romania,Actively Hiring,2023-11-19
claims officer,Allianz Trade in Romania,Bucharest,Not specified,2023-11-15
fixed assets analyst,Siemens Energy,Bucharest,Be an early applicant,2023-11-21
commercial project controller,Siemens Energy,Bucharest,Be an early applicant,2023-11-15
junior financial controller,Gi Group,Ploieşti,Be an early applicant,2023-11-19
senior consultant,Expense Reduction Analysts – EMEA,Bucharest,Actively Hiring,2023-11-17
risk assurance services senior internal auditor,PwC Romania,Bucharest,Actively Hiring,2023-11-15
operations manager record report,Molson Coors GBS,Bucharest,Not specified,2023-11-20
quality assurance tester,Vitamin Software,Bucharest,Actively Hiring,2023-11-19
sap fico senior consultant,BearingPoint,Romania,Be an early applicant,2023-11-08
senior accountantassociate,Antal International,Bucharest,Be an early applicant,2023-10-25
senior cluster financial controller,DB Schenker,Bucharest,Be an early applicant,2023-11-19
senior digital information auditor,UniCredit Bank Romania,Bucharest,Be an early applicant,2023-11-15
information risk officer sox general controls testing ing hubs romania,ING Hubs Romania,Bucharest Metropolitan Area,Actively Hiring,2023-11-01
senior financial controllerdigital services,Hipo.ro Jobs,Bucharest,Be an early applicant,2023-10-25
fpa specialist,The Goodyear Tire & Rubber Company,Bucharest,Be an early applicant,2023-11-15
financial analyst ii fg,DXC Technology,Bucharest,Be an early applicant,2023-10-25
revenue accountant,Canonical,Timişoara,Be an early applicant,2023-11-21
operations manager digital marketing agency,White Light Digital Marketing,Romania,Not specified,2023-11-08
general ledger accountant,BAT,Bucharest,Actively Hiring,2023-11-15
accounts receivables accountant,Emma – The Sleep Company,Bucharest,Be an early applicant,2023-10-25
accounts payable officer fmx,Mantu,Bucharest,Be an early applicant,2023-11-08
executive director finance trilogy remote year usd,Crossover,Bucharest,Be an early applicant,2023-11-21
business intelligence manager ring,Ring,Timisoara Metropolitan Area,Be an early applicant,2023-11-08
team leader cash bank,Siemens Energy,Bucharest,Actively Hiring,2023-11-15
accounting supervisor,A.P. Moller - Maersk,Constanţa,Be an early applicant,2023-11-08
client account manager focused data fryar,Human Direct,Cluj-Napoca,Be an early applicant,2023-10-25
finance transformation process analyst,Worldline,Bucharest,Actively Hiring,2023-11-19
junior user acquisition specialist meta,Pearson,Braşov,Not specified,2023-08-24
amazon brand manager,ScaleJet | eCommerce HR agency,Bucharest,Be an early applicant,2023-11-01
internship location controller,Hipo.ro Jobs,Arad,Be an early applicant,2023-10-23
product analyst,Finastra,Bucharest,Actively Hiring,2023-11-08
payroll accountant,Bolt,Bucharest,Be an early applicant,2023-11-20
auditor intern senior,Smithfield Romania,Timişoara,Be an early applicant,2023-11-01
senior indirect buyer french,Alstom,Cluj-Napoca,Be an early applicant,2023-11-17
pro fin intercompany service charging,OMV Petrom,Bucharest,Be an early applicant,2023-11-21
player engagement account manager,Keywords Studios,Bucharest,Actively Hiring,2023-08-24
senior internal auditor operations,Worldline,Bucharest,Actively Hiring,2023-11-08
senior treasury accountant,Siemens Energy,Bucharest Metropolitan Area,Be an early applicant,2023-11-15
analyste kyu cdd year,Societe Generale Global Solution Centre Romania,Bucharest,Actively Hiring,2023-11-08
jr accounts payable german timisoara,Wipro,Timişoara,Be an early applicant,2023-11-08
senior cards analyst,Libra Internet Bank,Bucharest Metropolitan Area,Actively Hiring,2023-11-08
manager de produse corporate senior,BRD - Groupe Societe Generale,Bucharest,Actively Hiring,2023-11-01
manager de produse corporate senior,BRD - Groupe Societe Generale,Bucharest,Be an early applicant,2023-09-23
senior sales executive hunter,Mokka Romania,Bucharest,Not specified,2023-11-01
senior financial auditor,Antal International,Bucharest,Be an early applicant,2023-04-26
parttime work home photo collector anywhere europe,TransPerfect,Botoşani,Be an early applicant,2023-11-18
general ledger accountant,The Goodyear Tire & Rubber Company,Bucharest,Actively Hiring,2023-11-08
account manager contracting recruitment,Hays,Bucharest,Actively Hiring,2023-11-01
junior accounts payable specialist turkish clujnapoca,Foundever,Cluj-Napoca Metropolitan Area,Be an early applicant,2023-11-15
cost accountant,Bekaert,Slatina,Be an early applicant,2023-10-23
lead java developer,Deutsche Bank,Bucharest,Be an early applicant,2023-11-08
commercial project manager,Siemens Energy,Bucharest,Actively Hiring,2023-11-15
credit analyst,Hipo.ro Jobs,Bucharest,Be an early applicant,2023-10-23
commercial business analyst,Hipo.ro Jobs,Bucharest,Be an early applicant,2023-10-23
accounting reporting specialist fmd,SIG Group,Cluj-Napoca,Be an early applicant,2023-10-23
financial business controller ilfov,Adecco,Ilfov,Be an early applicant,2023-11-15
claims officer,Allianz Trade in Romania,Bucharest,Not specified,2023-11-08
project manager sap shana,Bosch Romania,Timişoara,Actively Hiring,2023-11-01
channel finance specialist english,Hipo.ro Jobs,Bucharest,Be an early applicant,2023-08-24
internal control specialist,LeasePlan,Bucharest,Be an early applicant,2023-11-18
procure pay officer,Allianz Trade in Romania,Romania,Not specified,2023-11-08
id graduate recruitment juniors tax,KPMG Romania,Bucharest,Not specified,2023-07-25
accounts payable specialist english,Emerson,Cluj-Napoca,Be an early applicant,2023-11-15
senior accountant romania,Glovo,Bucharest,Be an early applicant,2023-11-15
financial accountant production industry onsite,Antal International,Tîrgu Jiu,Be an early applicant,2023-08-24
treasury analyst,Hipo.ro Jobs,Bucharest,Be an early applicant,2023-10-23
pricing analytics business analyst,HP,Bucharest,Not specified,2023-11-17
general ledger accountant,The Goodyear Tire & Rubber Company,Bucharest,Actively Hiring,2023-11-15
financial cost estimation analyst,Hipo.ro Jobs,Bucharest Metropolitan Area,Be an early applicant,2023-11-01
key account manager modern trade bucharest,INTERBRANDS ORBICO,Bucharest,Be an early applicant,2023-11-01
senior analyst accounts receivable,Siemens Energy,Bucharest,Actively Hiring,2023-11-15
professional fin ip service delivery,OMV Petrom,Bucharest,Actively Hiring,2023-10-23
economist,Hipo.ro Jobs,Mioveni,Be an early applicant,2023-07-25
senior analyst strategy,Vodafone,Bucharest,Actively Hiring,2023-08-24
senior treasury analyst,888Sparkware,Bucharest,Be an early applicant,2023-08-24
risk analyst,Dentons,Bucharest,Actively Hiring,2023-07-25
senior java developer,Deutsche Bank,Bucharest Metropolitan Area,Be an early applicant,2023-11-08
senior sap fiaa consultant,BearingPoint,Romania,Actively Hiring,2023-11-01
actuarial analyst,Allianz Services,Bucharest,Be an early applicant,2023-09-23
project accountant,Energy Jobline,Bucharest,Be an early applicant,2023-10-23
general ledger associate italian preferred,E.ON,Cluj-Napoca,Be an early applicant,2023-11-19
senior buyer,Endava,Bucharest,Actively Hiring,2023-11-08
finance business analyst,UiPath,Bucharest,Actively Hiring,2023-11-16
client service specialist english,Hipo.ro Jobs,Bucharest,Be an early applicant,2023-08-24
parttime work home photo collector anywhere europe,TransPerfect,Satu Mare,Actively Hiring,2023-11-18
accountant sap,Hipo.ro Jobs,Bucharest,Be an early applicant,2023-09-23
business management senior associate,LSEG (London Stock Exchange Group),Bucharest,Actively Hiring,2023-11-18
director commercial analytics technology,Honeywell,Bucharest,Actively Hiring,2023-11-15
dynamics business central consultant,LINKSOFT,Bucharest,Actively Hiring,2023-08-24
senior accountant,Antal International,Bucharest,Be an early applicant,2023-10-23
accounts payable specialist english,Emerson,Cluj-Napoca,Be an early applicant,2023-11-21
business analyst,Hipo.ro Jobs,Bucharest,Be an early applicant,2023-11-01
accounts payable specialist,Hipo.ro Jobs,Timisoara Metropolitan Area,Be an early applicant,2023-10-23
executive compensation manager,Revolut,Romania,Actively Hiring,2023-10-28
senior internal auditor,Vodafone,Bucharest,Be an early applicant,2023-10-25
finance manager mileage,The Goodyear Tire & Rubber Company,Bucharest,Actively Hiring,2023-11-20
assistant finance bp financial controller,Versuni,Orăștie,Be an early applicant,2023-11-01
business compliance manager financial promotions,Revolut,Romania,Actively Hiring,2023-11-08
parttime work home photo collector anywhere europe,TransPerfect,Piatra Neamţ,Actively Hiring,2023-11-18
junior ocean pricing analyst,DB Schenker,Bucharest,Actively Hiring,2023-11-19
rtr finance business partner controller,WhiteCrow Research,Bucharest,Not specified,2023-08-24
general ledger junior accountant english,DB Schenker,Bucharest,Be an early applicant,2023-11-19
assistant entity controllerbusiness analyst hybrid onsite days week days work home,Honeywell,Bucharest,Be an early applicant,2023-11-18
costoms logistics agent,Damen,Mangalia,Be an early applicant,2023-10-28
project manager,OLIVER Agency,Bucharest,Actively Hiring,2023-11-18
senior performance controller,Siemens Energy,Bucharest,Actively Hiring,2023-11-15
senior accounting consultant,Hipo.ro Jobs,Bucharest,Be an early applicant,2023-08-24
senior accountant,Hipo.ro Jobs,Bucharest,Be an early applicant,2023-11-01
business analyst,Hipo.ro Jobs,Bucharest,Be an early applicant,2023-10-23
channel reporting analyst,Honeywell,Bucharest,Actively Hiring,2023-10-28
expert fin ip service delivery,OMV Petrom,Bucharest,Actively Hiring,2023-11-01
oracle fusion finance senior consultant,PwC Romania,Bucharest,Be an early applicant,2023-11-19
security risk compliance analyst,Lugera The People Republic Romania,Bucharest,Actively Hiring,2023-11-20
controller reporting mts france,Worldline,Bucharest,Be an early applicant,2023-11-19
intercompany accountant,Hipo.ro Jobs,Bucharest,Be an early applicant,2023-04-26
auditor senior,Contexpert,Bucharest,Be an early applicant,2023-11-08
team leader procure pay,Allianz Trade in Romania,Romania,Not specified,2023-03-27
supply chain method tools engineer,Alstom,Cluj-Napoca,Actively Hiring,2023-11-19
eemea asset manager,Stryker,Bucharest,Be an early applicant,2023-09-23
ar accountant english,DB Schenker,Bucharest,Be an early applicant,2023-10-28
parttime work home photo collector anywhere europe,TransPerfect,Turda,Actively Hiring,2023-11-18
java developer belgium team,BNP Paribas Personal Finance,Bucharest,Actively Hiring,2023-11-15
financial accountant production industry onsite,Antal International,Alba Iulia,Be an early applicant,2023-08-24
invoice cash specialist french remote,Genpact,Romania,Actively Hiring,2023-11-08
strategic account manager groceries bucharest theyshehe,Glovo,Bucharest,Not specified,2023-11-08
treasury reporting analyst,Hipo.ro Jobs,Timisoara Metropolitan Area,Be an early applicant,2023-10-23
fpa analyst,The Goodyear Tire & Rubber Company,Bucharest,Be an early applicant,2023-11-21
recruitment sourcer business,Revolut,Romania,Actively Hiring,2023-11-16
senior information technology recruitment consultant,Hays,Bucharest,Be an early applicant,2023-11-20
business intelligence administrator,Adobe,Bucharest,Actively Hiring,2023-11-15
senior associate corporate finance advisory,Deloitte,Bucharest,Actively Hiring,2023-11-08
assistant dean school business position requires relocation kuwait,"American International University, Kuwait",Bucharest,Be an early applicant,2023-11-08
senior business analyst misfinancial reporting,Luxoft,Bucharest Metropolitan Area,Be an early applicant,2023-11-15
internal external auditor,EY,Bucharest,Actively Hiring,2023-11-15
payment specialist,Hipo.ro Jobs,Bucharest,Be an early applicant,2023-08-24
parttime work home photo collector anywhere europe,TransPerfect,Galaţi,Actively Hiring,2023-11-18
invoicing collection specialist,Hipo.ro Jobs,Bucharest,Be an early applicant,2023-08-24
parttime work home photo collector anywhere europe,TransPerfect,Suceava,Actively Hiring,2023-11-18
product manager sales data warehouse,Bitdefender,Bucharest,Not specified,2023-11-18
collection officer,Hipo.ro Jobs,Bucharest,Be an early applicant,2023-10-23
parttime work home photo collector anywhere europe,TransPerfect,Bistriţa,Be an early applicant,2023-11-18
parttime work home photo collector anywhere europe,TransPerfect,Braşov,Actively Hiring,2023-11-18
senior general ledger accountant,Coty,Bucharest,Be an early applicant,2023-11-15
senior associate valuation modeling,Deloitte,Bucharest,Actively Hiring,2023-11-08
senior business analyst misfinancial reporting bucharest,Luxoft,Bucharest Metropolitan Area,Be an early applicant,2023-11-08
junior accountant,Adecco,Cluj-Napoca,Actively Hiring,2023-11-01
senior accountant,Hipo.ro Jobs,Curtea de Argeş,Be an early applicant,2023-10-25
marketing assistantbusiness administrative,Gilead Sciences,Bucharest,Actively Hiring,2023-11-19
sap project manager,Gedeon Richter România S.A.,Târgu Mureş,Be an early applicant,2023-11-08
senior sap fi consultant focus statutory accounting taxation transfer pricing,BearingPoint,Romania,Actively Hiring,2023-11-15
sap fico consultant,JSS ASSOCIATES,Bucharest,Be an early applicant,2023-11-21
accounting analyst french,Societe Generale,Bucharest,Be an early applicant,2023-11-01
senior auditor,TPA Romania,Bucharest,Be an early applicant,2023-10-23
accountant fmx,Mantu,Bucharest,Be an early applicant,2023-11-08
financial controlling expert french,Societe Generale,Bucharest,Be an early applicant,2023-04-26
credit analyst,The Goodyear Tire & Rubber Company,Bucharest,Actively Hiring,2023-11-15
client advisor bucuresti,OTP Bank Romania,Bucharest,Actively Hiring,2023-11-01
senior accounting consultant,EY,Bucharest,Actively Hiring,2023-11-08
strategy forecasting manager,Garrett - Advancing Motion,Bucharest,Actively Hiring,2023-09-23
senior business analyst,Luxoft,Bucharest,Be an early applicant,2023-11-01
global lead secretariat,LSEG (London Stock Exchange Group),Bucharest,Actively Hiring,2023-11-08
tech business relationship manager,Vodafone,Bucharest,Actively Hiring,2023-05-26
finance transportation analyst,Kellanova,Bucharest,Actively Hiring,2023-11-20
product marketing manager,Pearson,Romania,Not specified,2023-11-08
sef proiect performanta financiara,Hipo.ro Jobs,Mioveni,Be an early applicant,2023-10-23
parttime work home photo collector anywhere europe,TransPerfect,Buzău,Be an early applicant,2023-11-18
cash application analyst,BAT,Bucharest,Be an early applicant,2023-11-19
profitability sales analyst bi specialist,Danone,Bucharest,Actively Hiring,2023-09-23
